"","state","cod","cod_format","cod_type","date","obs","population","pred","lwr","upr","excess","obs_rate","pred_rate","lwr_rate","upr_rate","excess_rate"
"1","New York","cancer_uc_ma","Cancer","Underlying Cause",2014-01-19,697,19653431,692.412951416862,641,745,4.58704858313843,3.54645456052941,3.52311487707598,3.26151703486277,3.79068672538652,0.0233396834534307
"2","New York","cancer_uc_ma","Cancer","Underlying Cause",2014-01-26,695,19653431,691.769141417984,640.975,745,3.23085858201603,3.53627822032703,3.51983906228884,3.26138983061024,3.79068672538652,0.0164391580381869
"3","New York","cancer_uc_ma","Cancer","Underlying Cause",2014-02-02,706,19653431,690.938634100996,639,744,15.0613658990043,3.59224809144012,3.51561329978972,3.25134069466039,3.78559855528533,0.0766347916503957
"4","New York","cancer_uc_ma","Cancer","Underlying Cause",2014-02-09,701,19653431,689.934164944808,638,744,11.0658350551917,3.56680724093417,3.51050238986164,3.2462525245592,3.78559855528533,0.056304851072526
"5","New York","cancer_uc_ma","Cancer","Underlying Cause",2014-02-16,693,19653431,688.77105776888,638,741.025,4.22894223111985,3.52610188012465,3.5045843027046,3.2462525245592,3.77046124923429,0.0215175774200436
"6","New York","cancer_uc_ma","Cancer","Underlying Cause",2014-02-23,687,19653431,687.466960028932,636,738.025,-0.466960028932476,3.49557285951751,3.49794883157517,3.23607618435682,3.75519673893072,-0.00237597205766503
"7","New York","cancer_uc_ma","Cancer","Underlying Cause",2014-03-02,682,19653431,686.04154261548,634,739,-4.04154261548047,3.47013200901156,3.49069606531033,3.22589984415444,3.76015770477938,-0.0205640562987728
"8","New York","cancer_uc_ma","Cancer","Underlying Cause",2014-03-09,675,19653431,684.516171147929,633,736,-9.51617114792907,3.43451481830323,3.48293471581593,3.22081167405325,3.74489319447581,-0.0484198975126993
"9","New York","cancer_uc_ma","Cancer","Underlying Cause",2014-03-16,689,19653431,682.913556095436,631,736,6.08644390456436,3.50574919971989,3.47478033782211,3.21063533385087,3.74489319447581,0.0309688618977743
"10","New York","cancer_uc_ma","Cancer","Underlying Cause",2014-03-23,687,19653431,681.257389133898,629,734,5.74261086610204,3.49557285951751,3.46635347860584,3.20045899364849,3.73471685427343,0.029219380911669
"11","New York","cancer_uc_ma","Cancer","Underlying Cause",2014-03-30,683,19653431,679.571972982349,627,733,3.42802701765083,3.47522017911275,3.45777779453546,3.19028265344611,3.72962868417224,0.0174423845772824
"12","New York","cancer_uc_ma","Cancer","Underlying Cause",2014-04-06,691,19653431,677.881851579788,626.975,731,13.1181484202118,3.51592553992227,3.44917816934757,3.19015544919358,3.71945234396986,0.0667473705746941
"13","New York","cancer_uc_ma","Cancer","Underlying Cause",2014-04-13,691,19653431,676.211446902552,625,728,14.7885530974481,3.51592553992227,3.44067886621197,3.18010631324373,3.7041878336663,0.0752466737102958
"14","New York","cancer_uc_ma","Cancer","Underlying Cause",2014-04-20,677,19653431,674.584708025743,624,727,2.415291974257,3.44469115850561,3.43240174209655,3.17501814314254,3.6990996635651,0.0122894164090586
"15","New York","cancer_uc_ma","Cancer","Underlying Cause",2014-04-27,672,19653431,673.024777246897,622,726,-1.02477724689697,3.41925030799966,3.4244645489477,3.16484180294016,3.69401149346391,-0.00521424094804095
"16","New York","cancer_uc_ma","Cancer","Underlying Cause",2014-05-04,671,19653431,671.553677262534,621,724,-0.553677262533938,3.41416213789847,3.4169793419914,3.15975363283897,3.68383515326153,-0.00281720409293389
"17","New York","cancer_uc_ma","Cancer","Underlying Cause",2014-05-11,659,19653431,670.192022562845,620,722,-11.1920225628453,3.35310409668419,3.4100510112603,3.15466546273778,3.67365881305916,-0.0569469145761129
"18","New York","cancer_uc_ma","Cancer","Underlying Cause",2014-05-18,666,19653431,668.958757425743,618,720.025,-2.95875742574333,3.38872128739252,3.40377594846286,3.1444891225354,3.6636096771093,-0.015054661070341
"19","New York","cancer_uc_ma","Cancer","Underlying Cause",2014-05-25,661,19653431,667.870922181558,617,719,-6.87092218155829,3.36328043688657,3.39824085769837,3.13940095243421,3.65839430275558,-0.0349604208118078
"20","New York","cancer_uc_ma","Cancer","Underlying Cause",2014-06-01,662,19653431,666.94344880868,616,719,-4.94344880868039,3.36836860698776,3.39352171541285,3.13431278233302,3.65839430275558,-0.0251531084250907
"21","New York","cancer_uc_ma","Cancer","Underlying Cause",2014-06-08,669,19653431,666.188986424572,615,717,2.81101357542832,3.40398579769609,3.38968288246755,3.12922461223183,3.64821796255321,0.0143029152285335
"22","New York","cancer_uc_ma","Cancer","Underlying Cause",2014-06-15,665,19653431,665.617756863496,615,717,-0.617756863495629,3.38363311729133,3.38677636929397,3.12922461223183,3.64821796255321,-0.00314325200264335
"23","New York","cancer_uc_ma","Cancer","Underlying Cause",2014-06-22,652,19653431,665.237440281252,616,717,-13.2374402812519,3.31748690597586,3.38484125383121,3.13431278233302,3.64821796255321,-0.0673543478553536
"24","New York","cancer_uc_ma","Cancer","Underlying Cause",2014-06-29,657,19653431,665.053090589702,616,716,-8.05309058970238,3.34292775648181,3.38390325124251,3.13431278233302,3.64312979245201,-0.0409754947606979
"25","New York","cancer_uc_ma","Cancer","Underlying Cause",2014-07-06,665,19653431,665.067080484827,615,716,-0.0670804848271018,3.38363311729133,3.3839744342086,3.12922461223183,3.64312979245201,-0.000341316917270587
"26","New York","cancer_uc_ma","Cancer","Underlying Cause",2014-07-13,660,19653431,665.279075870836,614,717,-5.27907587083632,3.35819226678538,3.38505310279328,3.12413644213064,3.64821796255321,-0.0268608360079028
"27","New York","cancer_uc_ma","Cancer","Underlying Cause",2014-07-20,672,19653431,665.686039574601,614.975,717,6.31396042539905,3.41925030799966,3.38712380334304,3.1290974079793,3.64821796255321,0.0321265046566121
"28","New York","cancer_uc_ma","Cancer","Underlying Cause",2014-07-27,671,19653431,666.282264361794,616,718,4.71773563820636,3.41416213789847,3.39015749647883,3.13431278233302,3.6533061326544,0.02400464141964
"29","New York","cancer_uc_ma","Cancer","Underlying Cause",2014-08-03,676,19653431,667.059435379831,618,718,8.94056462016874,3.43960298840442,3.39411187481632,3.1444891225354,3.6533061326544,0.0454911135880994
"30","New York","cancer_uc_ma","Cancer","Underlying Cause",2014-08-10,667,19653431,668.006722234068,617,720,-1.00672223406752,3.39380945749371,3.39893183146529,3.13940095243421,3.66348247285677,-0.00512237397158554
"31","New York","cancer_uc_ma","Cancer","Underlying Cause",2014-08-17,664,19653431,669.11090092589,618,720,-5.11090092588995,3.37854494719014,3.40455008047139,3.1444891225354,3.66348247285677,-0.0260051332812574
"32","New York","cancer_uc_ma","Cancer","Underlying Cause",2014-08-24,652,19653431,670.356505820355,619,722,-18.3565058203548,3.31748690597586,3.41088793005331,3.14957729263659,3.67365881305916,-0.0934010240774486
"33","New York","cancer_uc_ma","Cancer","Underlying Cause",2014-08-31,669,19653431,671.726011647343,619,724,-2.7260116473434,3.40398579769609,3.4178562086556,3.14957729263659,3.68383515326153,-0.0138704109595083
"34","New York","cancer_uc_ma","Cancer","Underlying Cause",2014-09-07,672,19653431,673.200045260484,622,725,-1.20004526048365,3.41925030799966,3.42535634241412,3.16484180294016,3.68892332336272,-0.00610603441446762
"35","New York","cancer_uc_ma","Cancer","Underlying Cause",2014-09-14,677,19653431,674.757626475445,624,726,2.24237352455475,3.44469115850561,3.43328158058227,3.17501814314254,3.69401149346391,0.0114095779233394
"36","New York","cancer_uc_ma","Cancer","Underlying Cause",2014-09-21,693,19653431,676.37643678506,626,727,16.6235632149404,3.52610188012465,3.44151836279914,3.18519448334492,3.6990996635651,0.0845835173255012
"37","New York","cancer_uc_ma","Cancer","Underlying Cause",2014-09-28,700,19653431,678.033114112666,626,729,21.9668858873343,3.56171907083298,3.44994781884479,3.18519448334492,3.70927600376749,0.111771251988186
"38","New York","cancer_uc_ma","Cancer","Underlying Cause",2014-10-05,693,19653431,679.703571035499,629,731.025,13.2964289645006,3.52610188012465,3.45844738781488,3.20045899364849,3.71957954822239,0.0676544923097682
"39","New York","cancer_uc_ma","Cancer","Underlying Cause",2014-10-12,694,19653431,681.363333113725,630,734,12.636666886275,3.53119005022584,3.46689253959639,3.20554716374968,3.73471685427343,0.0642975106294415
"40","New York","cancer_uc_ma","Cancer","Underlying Cause",2014-10-19,698,19653431,682.987893132144,631,734,15.0121068678557,3.5515427306306,3.4751585773097,3.21063533385087,3.73471685427343,0.0763841533208917
"41","New York","cancer_uc_ma","Cancer","Underlying Cause",2014-10-26,687,19653431,684.553076241427,633,737,2.44692375857301,3.49557285951751,3.48312249520924,3.22081167405325,3.749981364577,0.0124503643082625
"42","New York","cancer_uc_ma","Cancer","Underlying Cause",2014-11-02,690,19653431,686.035410218998,635,739,3.96458978100191,3.51083736982108,3.4906648626339,3.23098801425563,3.76015770477938,0.0201725071871772
"43","New York","cancer_uc_ma","Cancer","Underlying Cause",2014-11-09,678,19653431,687.412494403264,636,740,-9.41249440326396,3.4497793286068,3.4976717012071,3.23607618435682,3.76524587488057,-0.0478923726003056
"44","New York","cancer_uc_ma","Cancer","Underlying Cause",2014-11-16,679,19653431,688.663360334778,637,741,-9.66336033477819,3.45486749870799,3.50403631984043,3.24116435445801,3.77033404498176,-0.0491688211324434
"45","New York","cancer_uc_ma","Cancer","Underlying Cause",2014-11-23,679,19653431,689.76881680652,639,742,-10.7688168065201,3.45486749870799,3.50966107040811,3.25134069466039,3.77542221508295,-0.0547935717001278
"46","New York","cancer_uc_ma","Cancer","Underlying Cause",2014-11-30,681,19653431,690.711771917518,639,744,-9.71177191751849,3.46504383891037,3.51445898641066,3.25134069466039,3.78559855528533,-0.0494151475002939
"47","New York","cancer_uc_ma","Cancer","Underlying Cause",2014-12-07,675,19653431,691.47752486538,641,744,-16.4775248653801,3.43451481830323,3.51835526766487,3.26151703486277,3.78559855528533,-0.0838404493616414
"48","New York","cancer_uc_ma","Cancer","Underlying Cause",2014-12-14,690,19653431,692.054020616864,640,744,-2.05402061686402,3.51083736982108,3.52128857611103,3.25642886476158,3.78559855528533,-0.0104512062899553
"49","New York","cancer_uc_ma","Cancer","Underlying Cause",2014-12-21,699,19653431,692.432061261134,641,744,6.56793873886636,3.55663090073179,3.52321211121424,3.26151703486277,3.78559855528533,0.0334187895175471
"50","New York","cancer_uc_ma","Cancer","Underlying Cause",2014-12-28,701,19653431,692.605468762597,641,746,8.39453123740338,3.56680724093417,3.5240944380785,3.26151703486277,3.79577489548771,0.0427128028556611
"51","New York","cancer_uc_ma","Cancer","Underlying Cause",2015-01-04,702,19657321,692.708275449968,641.975,747,9.2917245500322,3.57118856633618,3.52392004714156,3.26583159526163,3.80011091033208,0.0472685191946156
"52","New York","cancer_uc_ma","Cancer","Underlying Cause",2015-01-11,721,19657321,692.466408591123,641,744,28.5335914088772,3.66784466713445,3.52268963095797,3.26087161114172,3.78484942073236,0.145155036176482
"53","New York","cancer_uc_ma","Cancer","Underlying Cause",2015-01-18,719,19657321,692.020273873655,641,745,26.9797261263454,3.65767034073463,3.52042007084106,3.26087161114172,3.78993658393227,0.13725026989357
"54","New York","cancer_uc_ma","Cancer","Underlying Cause",2015-01-25,708,19657321,691.376312396005,639,744,16.6236876039954,3.60171154553563,3.5171441337098,3.2506972847419,3.78484942073236,0.0845674118258304
"55","New York","cancer_uc_ma","Cancer","Underlying Cause",2015-02-01,703,19657321,690.54397293783,640,743,12.4560270621699,3.57627572953608,3.51290988704834,3.25578444794181,3.77976225753245,0.0633658424877425
"56","New York","cancer_uc_ma","Cancer","Underlying Cause",2015-02-08,705,19657321,689.53554451908,638,741,15.4644554809197,3.5864500559359,3.50777984710674,3.24561012154199,3.76958793113263,0.078670208829167
"57","New York","cancer_uc_ma","Cancer","Underlying Cause",2015-02-15,695,19657321,688.365940787367,639,740,6.63405921263302,3.53557842393681,3.50182988204429,3.2506972847419,3.76450076793272,0.0337485418925245
"58","New York","cancer_uc_ma","Cancer","Underlying Cause",2015-02-22,697,19657321,687.052441612347,635,738,9.94755838765309,3.54575275033663,3.49514789737801,3.23034863194227,3.7543264415329,0.0506048529586157
"59","New York","cancer_uc_ma","Cancer","Underlying Cause",2015-03-01,691,19657321,685.614398157871,634,738,5.3856018421294,3.51522977113718,3.48783233563653,3.22526146874236,3.7543264415329,0.0273974355006433
"60","New York","cancer_uc_ma","Cancer","Underlying Cause",2015-03-08,693,19657321,684.072908345814,633,735,8.92709165418592,3.52540409753699,3.4799905253916,3.22017430554245,3.73906495193317,0.0454135721453901
"61","New York","cancer_uc_ma","Cancer","Underlying Cause",2015-03-15,688,19657321,682.450470006103,630,735,5.54952999389707,3.49996828153745,3.4717369167757,3.20491281594272,3.73906495193317,0.0282313647617448
"62","New York","cancer_uc_ma","Cancer","Underlying Cause",2015-03-22,690,19657321,680.770619125984,630,733.025,9.22938087401553,3.51014260793727,3.46319124119703,3.20491281594272,3.72901780461335,0.0469513667402365
"63","New York","cancer_uc_ma","Cancer","Underlying Cause",2015-03-29,683,19657321,679.057560482627,628,731,3.94243951737292,3.4745324655379,3.45447663230726,3.1947384895429,3.71871629913354,0.0200558332306468
"64","New York","cancer_uc_ma","Cancer","Underlying Cause",2015-04-05,683,19657321,677.335797592938,627,730,5.66420240706225,3.4745324655379,3.44571774349586,3.18965132634299,3.71362913593363,0.0288147220420435
"65","New York","cancer_uc_ma","Cancer","Underlying Cause",2015-04-12,674,19657321,675.629768378869,626,728,-1.62976837886936,3.42874799673872,3.43703889446008,3.18456416314309,3.70345480953381,-0.00829089772135968
"66","New York","cancer_uc_ma","Cancer","Underlying Cause",2015-04-19,664,19657321,673.963492268281,622,726,-9.96349226828124,3.37787636473963,3.42856227594941,3.16421551034345,3.69328048313399,-0.050685911209779
"67","New York","cancer_uc_ma","Cancer","Underlying Cause",2015-04-26,650,19657321,672.360233676602,622,723.025,-22.3602336766019,3.3066560799409,3.42040623784188,3.16421551034345,3.67814617261426,-0.113750157900977
"68","New York","cancer_uc_ma","Cancer","Underlying Cause",2015-05-03,647,19657321,670.84218599025,621,722,-23.84218599025,3.29139459034118,3.41268368151616,3.15912834714354,3.67293183033436,-0.121289091174987
"69","New York","cancer_uc_ma","Cancer","Underlying Cause",2015-05-10,641,19657321,669.430179343729,618,722,-28.4301793437288,3.26087161114172,3.40550057326595,3.14386685754381,3.67293183033436,-0.144628962124233
"70","New York","cancer_uc_ma","Cancer","Underlying Cause",2015-05-17,653,19657321,668.143414688617,618,720,-15.143414688617,3.32191756954063,3.39895459146553,3.14386685754381,3.66275750393454,-0.077037021924895
"71","New York","cancer_uc_ma","Cancer","Underlying Cause",2015-05-24,659,19657321,666.999225928369,616,717,-7.99922592836901,3.35244054874009,3.39313391651064,3.13369253114399,3.64749601433481,-0.0406933677705574
"72","New York","cancer_uc_ma","Cancer","Underlying Cause",2015-05-31,666,19657321,666.01287126399,615,717,-0.0128712639900641,3.38805069113945,3.38811616935996,3.12860536794409,3.64749601433481,-6.54782205065691e-05
"73","New York","cancer_uc_ma","Cancer","Underlying Cause",2015-06-07,656,19657321,665.197354379799,615,716,-9.19735437979932,3.33717905914036,3.3839675018778,3.12860536794409,3.6424088511349,-0.0467884427374377
"74","New York","cancer_uc_ma","Cancer","Underlying Cause",2015-06-14,664,19657321,664.563275704829,614,717,-0.563275704829039,3.37787636473963,3.38074184017664,3.12351820474418,3.64749601433481,-0.00286547543700914
"75","New York","cancer_uc_ma","Cancer","Underlying Cause",2015-06-21,645,19657321,664.118713714388,614,716,-19.1187137143884,3.28122026394136,3.37848028077879,3.12351820474418,3.6424088511349,-0.0972600168374336
"76","New York","cancer_uc_ma","Cancer","Underlying Cause",2015-06-28,649,19657321,663.869136080696,614,716,-14.8691360806955,3.30156891674099,3.37721063862515,3.12351820474418,3.6424088511349,-0.0756417218841546
"77","New York","cancer_uc_ma","Cancer","Underlying Cause",2015-07-05,648,19657321,663.817340427187,612,715,-15.8173404271867,3.29648175354109,3.3769471456827,3.11334387834436,3.63732168793499,-0.0804653921416181
"78","New York","cancer_uc_ma","Cancer","Underlying Cause",2015-07-12,669,19657321,663.963424468369,613.975,716,5.03657553163077,3.40331218073918,3.3776902990411,3.12339102566418,3.6424088511349,0.0256218816980746
"79","New York","cancer_uc_ma","Cancer","Underlying Cause",2015-07-19,667,19657321,664.304785401626,614,717,2.69521459837426,3.39313785433936,3.37942685781865,3.12351820474418,3.64749601433481,0.0137109965207073
"80","New York","cancer_uc_ma","Cancer","Underlying Cause",2015-07-26,675,19657321,664.836148532026,615,717,10.1638514679745,3.43383515993863,3.38212998878141,3.12860536794409,3.64749601433481,0.0517051711572218
"81","New York","cancer_uc_ma","Cancer","Underlying Cause",2015-08-02,672,19657321,665.549625227302,616,717,6.45037477269796,3.4185736703389,3.38575956116961,3.13369253114399,3.64749601433481,0.032814109169291
"82","New York","cancer_uc_ma","Cancer","Underlying Cause",2015-08-09,669,19657321,666.43480038876,616,718,2.56519961124047,3.40331218073918,3.39026259167645,3.13369253114399,3.65258317753472,0.0130495890627236
"83","New York","cancer_uc_ma","Cancer","Underlying Cause",2015-08-16,662,19657321,667.47884965777,618,719,-5.47884965776962,3.36770203833981,3.39557384069665,3.14386685754381,3.65767034073463,-0.0278718023568401
"84","New York","cancer_uc_ma","Cancer","Underlying Cause",2015-08-23,661,19657321,668.666686532189,618,722,-7.66668653218881,3.3626148751399,3.40161656073169,3.14386685754381,3.67293183033436,-0.0390016855917895
"85","New York","cancer_uc_ma","Cancer","Underlying Cause",2015-08-30,656,19657321,669.981139422186,619,720,-13.9811394221861,3.33717905914036,3.4083033971017,3.14895402074372,3.66275750393454,-0.0711243379613431
"86","New York","cancer_uc_ma","Cancer","Underlying Cause",2015-09-06,665,19657321,671.40315841624,621,723,-6.40315841624022,3.38296352793954,3.41553743979783,3.15912834714354,3.67801899353427,-0.0325739118582853
"87","New York","cancer_uc_ma","Cancer","Underlying Cause",2015-09-13,667,19657321,672.912051147442,622,725,-5.9120511474415,3.39313785433936,3.4232134233726,3.16421551034345,3.68819331993409,-0.0300755690332447
"88","New York","cancer_uc_ma","Cancer","Underlying Cause",2015-09-20,673,19657321,674.485746647697,623,726,-1.48574664769683,3.42366083353881,3.43121906920936,3.16930267354336,3.69328048313399,-0.00755823567055159
"89","New York","cancer_uc_ma","Cancer","Underlying Cause",2015-09-27,667,19657321,676.101085461314,625,728,-9.10108546131369,3.39313785433936,3.43943656137738,3.17947699994318,3.70345480953381,-0.0462987070380226
"90","New York","cancer_uc_ma","Cancer","Underlying Cause",2015-10-04,682,19657321,677.734133576515,626.975,731,4.26586642348525,3.46944530233799,3.44774414365271,3.189524147263,3.71871629913354,0.0217011586852819
"91","New York","cancer_uc_ma","Cancer","Underlying Cause",2015-10-11,674,19657321,679.360516949236,629,731,-5.3605169492364,3.42874799673872,3.45601782129537,3.19982565274281,3.71871629913354,-0.0272698245566443
"92","New York","cancer_uc_ma","Cancer","Underlying Cause",2015-10-18,684,19657321,680.955772571179,628,733,3.04422742882105,3.47961962873781,3.46413314698976,3.1947384895429,3.72889062553336,0.0154864817480523
"93","New York","cancer_uc_ma","Cancer","Underlying Cause",2015-10-25,668,19657321,682.495711213066,632,736,-14.4957112130659,3.39822501753927,3.47196706617889,3.21508714234254,3.74415211513308,-0.0737420486396182
"94","New York","cancer_uc_ma","Cancer","Underlying Cause",2015-11-01,675,19657321,683.956786198994,634,737,-8.95678619899365,3.43383515993863,3.4793997930796,3.22526146874236,3.74923927833299,-0.0455646331409741
"95","New York","cancer_uc_ma","Cancer","Underlying Cause",2015-11-08,657,19657321,685.316461884919,635,737,-28.3164618849192,3.34226622234027,3.48631668519286,3.23034863194227,3.74923927833299,-0.144050462852589
"96","New York","cancer_uc_ma","Cancer","Underlying Cause",2015-11-15,661,19657321,686.553574970298,635,739,-25.5535749702984,3.3626148751399,3.49261008135492,3.23034863194227,3.75941360473281,-0.12999520621502
"97","New York","cancer_uc_ma","Cancer","Underlying Cause",2015-11-22,653,19657321,687.648681409302,638,739,-34.6486814093018,3.32191756954063,3.4981810665314,3.24561012154199,3.75941360473281,-0.176263496990774
"98","New York","cancer_uc_ma","Cancer","Underlying Cause",2015-11-29,661,19657321,688.584381543236,636,740,-27.5843815432362,3.3626148751399,3.50294112581891,3.23543579514218,3.76450076793272,-0.140326250679002
"99","New York","cancer_uc_ma","Cancer","Underlying Cause",2015-12-06,658,19657321,689.34561617604,639,742,-31.34561617604,3.34735338554018,3.5068136506294,3.2506972847419,3.77467509433254,-0.159460265089226
"100","New York","cancer_uc_ma","Cancer","Underlying Cause",2015-12-13,658,19657321,689.919926675128,638,742,-31.9199266751278,3.34735338554018,3.50973526186568,3.24561012154199,3.77467509433254,-0.162381876325507
"101","New York","cancer_uc_ma","Cancer","Underlying Cause",2015-12-20,661,19657321,690.297672802204,640,743,-29.2976728022036,3.3626148751399,3.51165691806225,3.25578444794181,3.77976225753245,-0.149042042922347
"102","New York","cancer_uc_ma","Cancer","Underlying Cause",2015-12-27,664,19657321,690.472202850577,640.975,742,-26.4722028505769,3.37787636473963,3.51254478090161,3.26074443206172,3.77467509433254,-0.134668416161983
"103","New York","cancer_uc_ma","Cancer","Underlying Cause",2016-01-03,680,19636391,689.704830454775,638,742,-9.70483045477533,3.46295813726667,3.51238081608161,3.24906954643549,3.77869843801745,-0.0494226788149377
"104","New York","cancer_uc_ma","Cancer","Underlying Cause",2016-01-10,690,19636391,689.465717713443,637,742,0.534282286556618,3.51388399222647,3.5111631140032,3.24397696093951,3.77869843801745,0.00272087822327747
"105","New York","cancer_uc_ma","Cancer","Underlying Cause",2016-01-17,704,19636391,689.022486647782,637,740,14.9775133522178,3.5851801891702,3.50890592190684,3.24397696093951,3.76851326702549,0.076274267263357
"106","New York","cancer_uc_ma","Cancer","Underlying Cause",2016-01-24,697,19636391,688.381057004417,637,741,8.61894299558253,3.54953209069834,3.50563938660835,3.24397696093951,3.77360585252147,0.0438927040899854
"107","New York","cancer_uc_ma","Cancer","Underlying Cause",2016-01-31,691,19636391,687.550364605607,637,740,3.44963539439266,3.51897657772245,3.50140901454655,3.24397696093951,3.76851326702549,0.0175675631759047
"108","New York","cancer_uc_ma","Cancer","Underlying Cause",2016-02-07,676,19636391,686.542202558396,635,738,-10.5422025583963,3.44258779528275,3.49627486312732,3.23379178994755,3.75832809603353,-0.0536870678445764
"109","New York","cancer_uc_ma","Cancer","Underlying Cause",2016-02-14,676,19636391,685.371013756655,634,738,-9.3710137566552,3.44258779528275,3.49031048402252,3.22869920445157,3.75832809603353,-0.0477226887397751
"110","New York","cancer_uc_ma","Cancer","Underlying Cause",2016-02-21,676,19636391,684.05363987217,632.975,736,-8.05363987216992,3.44258779528275,3.48360164488561,3.22347930431819,3.74814292504157,-0.041013849602862
"111","New York","cancer_uc_ma","Cancer","Underlying Cause",2016-02-28,690,19636391,682.609032956378,632,734,7.39096704362248,3.51388399222647,3.47624486065885,3.21851403345961,3.73795775404961,0.037639131567621
"112","New York","cancer_uc_ma","Cancer","Underlying Cause",2016-03-06,689,19636391,681.057936455627,630,733,7.94206354437267,3.50879140673049,3.46834576911627,3.20832886246765,3.73286516855363,0.0404456376142269
"113","New York","cancer_uc_ma","Cancer","Underlying Cause",2016-03-13,694,19636391,679.422542863636,629,733,14.5774571363644,3.5342543342104,3.46001738742947,3.20323627697167,3.73286516855363,0.0742369467809252
"114","New York","cancer_uc_ma","Cancer","Underlying Cause",2016-03-20,681,19636391,677.726135393717,627,730,3.27386460628327,3.46805072276265,3.45137828735289,3.19305110597971,3.71758741206569,0.0166724354097617
"115","New York","cancer_uc_ma","Cancer","Underlying Cause",2016-03-27,683,19636391,675.992720962522,625,728,7.00727903747827,3.47823589375461,3.44255072616206,3.18286593498775,3.70740224107373,0.0356851675925493
"116","New York","cancer_uc_ma","Cancer","Underlying Cause",2016-04-03,672,19636391,674.246661460806,624,726,-2.24666146080585,3.42221745329883,3.4336587688685,3.17777334949177,3.69721707008177,-0.011441315569678
"117","New York","cancer_uc_ma","Cancer","Underlying Cause",2016-04-10,681,19636391,672.512309779748,622,723,8.48769022025215,3.46805072276265,3.42482643465262,3.16758817849981,3.68193931359383,0.0432242881100307
"118","New York","cancer_uc_ma","Cancer","Underlying Cause",2016-04-17,682,19636391,670.813656404964,620,722,11.1863435950361,3.47314330825863,3.4161758971135,3.15740300750785,3.67684672809785,0.0569674111451339
"119","New York","cancer_uc_ma","Cancer","Underlying Cause",2016-04-24,679,19636391,669.173991630275,618,721,9.82600836972517,3.45786555177069,3.40782576406364,3.14721783651588,3.67175414260187,0.0500397877070444
"120","New York","cancer_uc_ma","Cancer","Underlying Cause",2016-05-01,666,19636391,667.615587626554,617,720,-1.6155876265542,3.39166194032294,3.39988945843742,3.1421252510199,3.66666155710589,-0.00822751811447532
"121","New York","cancer_uc_ma","Cancer","Underlying Cause",2016-05-08,663,19636391,666.159403772334,616,718,-3.15940377233437,3.376384183835,3.39247371766194,3.13703266552392,3.65647638611392,-0.0160895338269358
"122","New York","cancer_uc_ma","Cancer","Underlying Cause",2016-05-15,650,19636391,664.824817853579,614,715.025,-14.8248178535787,3.31018057238726,3.38567722476894,3.12684749453196,3.64132594426338,-0.075496652381686
"123","New York","cancer_uc_ma","Cancer","Underlying Cause",2016-05-22,647,19636391,663.629385004781,613,715,-16.6293850047811,3.29490281589932,3.37958938078174,3.12175490903598,3.64119862962598,-0.0846865648824219
"124","New York","cancer_uc_ma","Cancer","Underlying Cause",2016-05-29,657,19636391,662.588625619625,611,714,-5.58862561962485,3.34582867085912,3.37428922463209,3.11156973804402,3.63610604413,-0.028460553772966
"125","New York","cancer_uc_ma","Cancer","Underlying Cause",2016-06-05,667,19636391,661.715842926098,611,714,5.28415707390161,3.39675452581892,3.36984450414589,3.11156973804402,3.63610604413,0.0269100216730336
"126","New York","cancer_uc_ma","Cancer","Underlying Cause",2016-06-12,667,19636391,661.021970508127,612,713,5.9780294918728,3.39675452581892,3.36631089953407,3.11666232354,3.63101345863402,0.0304436262848545
"127","New York","cancer_uc_ma","Cancer","Underlying Cause",2016-06-19,677,19636391,660.515449765777,611,710.025,16.4845502342225,3.44768038077873,3.36373139934817,3.11156973804402,3.61586301678348,0.0839489814305619
"128","New York","cancer_uc_ma","Cancer","Underlying Cause",2016-06-26,679,19636391,660.202137132624,610,712,18.7978628673758,3.45786555177069,3.36213582797686,3.10647715254804,3.62592087313804,0.0957297237938264
"129","New York","cancer_uc_ma","Cancer","Underlying Cause",2016-07-03,680,19636391,660.085240799088,611,710,19.9147592009116,3.46295813726667,3.36154052340417,3.11156973804402,3.61573570214608,0.101417613862505
"130","New York","cancer_uc_ma","Cancer","Underlying Cause",2016-07-10,672,19636391,660.165286705508,608,712,11.8347132944918,3.42221745329883,3.36194816402621,3.09629198155608,3.62592087313804,0.0602692892726156
"131","New York","cancer_uc_ma","Cancer","Underlying Cause",2016-07-17,668,19636391,660.440113645077,611,710,7.55988635492258,3.40184711131491,3.36334774371257,3.11156973804402,3.61573570214608,0.0384993676023389
"132","New York","cancer_uc_ma","Cancer","Underlying Cause",2016-07-24,664,19636391,660.904897427717,610,712,3.09510257228328,3.38147676933098,3.3657146948628,3.10647715254804,3.62592087313804,0.0157620744681815
"133","New York","cancer_uc_ma","Cancer","Underlying Cause",2016-07-31,659,19636391,661.552204173131,611,712,-2.5522041731308,3.35601384185108,3.36901115980595,3.11156973804402,3.62592087313804,-0.0129973179548666
"134","New York","cancer_uc_ma","Cancer","Underlying Cause",2016-08-07,649,19636391,662.37207289608,612,714,-13.3720728960803,3.30508798689128,3.37318641137305,3.11666232354,3.63610604413,-0.0680984244817713
"135","New York","cancer_uc_ma","Cancer","Underlying Cause",2016-08-14,651,19636391,663.3521275915,611,715,-12.3521275914997,3.31527315788324,3.37817742370021,3.11156973804402,3.64119862962598,-0.0629042658169704
"136","New York","cancer_uc_ma","Cancer","Underlying Cause",2016-08-21,661,19636391,664.477718996926,614,715,-3.47771899692555,3.36619901284304,3.38390959416588,3.12684749453196,3.64119862962598,-0.0177105813228385
"137","New York","cancer_uc_ma","Cancer","Underlying Cause",2016-08-28,668,19636391,665.73209608369,615,717,2.26790391631016,3.40184711131491,3.39029761672443,3.13194008002794,3.65138380061794,0.0115494945904783
"138","New York","cancer_uc_ma","Cancer","Underlying Cause",2016-09-04,668,19636391,667.096607091076,616,718,0.903392908924275,3.40184711131491,3.39724650568975,3.13703266552392,3.65647638611392,0.0046006056251593
"139","New York","cancer_uc_ma","Cancer","Underlying Cause",2016-09-11,675,19636391,668.550929560269,619,720,6.44907043973058,3.43749520978677,3.40465276720284,3.15231042201187,3.66666155710589,0.0328424425839278
"140","New York","cancer_uc_ma","Cancer","Underlying Cause",2016-09-18,680,19636391,670.073328345943,619,722.025,9.92667165405749,3.46295813726667,3.41240571317786,3.15231042201187,3.67697404273524,0.0505524240888129
"141","New York","cancer_uc_ma","Cancer","Underlying Cause",2016-09-25,687,19636391,671.640939989604,620,722,15.359060010396,3.49860623573853,3.4203889094977,3.15740300750785,3.67684672809785,0.0782173262408351
"142","New York","cancer_uc_ma","Cancer","Underlying Cause",2016-10-02,689,19636391,673.230081145823,622,724,15.7699188541767,3.50879140673049,3.42848174670093,3.16758817849981,3.68703189908981,0.080309660029568
"143","New York","cancer_uc_ma","Cancer","Underlying Cause",2016-10-09,685,19636391,674.816577983986,624,726,10.1834220160144,3.48842106474657,3.43656111748837,3.17777334949177,3.69721707008177,0.0518599472582026
"144","New York","cancer_uc_ma","Cancer","Underlying Cause",2016-10-16,685,19636391,676.376112676009,625,729,8.62388732399143,3.48842106474657,3.44450318124144,3.18286593498775,3.71249482656971,0.0439178835051279
"145","New York","cancer_uc_ma","Cancer","Underlying Cause",2016-10-23,687,19636391,677.884582263039,627,729,9.11541773696126,3.49860623573853,3.45218519158148,3.19305110597971,3.71249482656971,0.0464210441570514
"146","New York","cancer_uc_ma","Cancer","Underlying Cause",2016-10-30,684,19636391,679.318464414788,629,731,4.68153558521169,3.48332847925059,3.45948735903043,3.20323627697167,3.72267999756167,0.0238411202201652
"147","New York","cancer_uc_ma","Cancer","Underlying Cause",2016-11-06,665,19636391,680.655183900067,629,733,-15.6551839000672,3.38656935482696,3.46629471729335,3.20323627697167,3.73286516855363,-0.079725362466388
"148","New York","cancer_uc_ma","Cancer","Underlying Cause",2016-11-13,672,19636391,681.873473022385,631,734,-9.87347302238527,3.42221745329883,3.47249895880758,3.21342144796363,3.73795775404961,-0.050281505508753
"149","New York","cancer_uc_ma","Cancer","Underlying Cause",2016-11-20,670,19636391,682.953718883423,632,736,-12.953718883423,3.41203228230687,3.47800020321159,3.21851403345961,3.74814292504157,-0.0659679209047273
"150","New York","cancer_uc_ma","Cancer","Underlying Cause",2016-11-27,672,19636391,683.878290157302,632,736,-11.8782901573018,3.42221745329883,3.48270866147095,3.21851403345961,3.74814292504157,-0.0604912081721217
"151","New York","cancer_uc_ma","Cancer","Underlying Cause",2016-12-04,676,19636391,684.631836117951,633.975,738,-8.63183611795068,3.44258779528275,3.4865461587007,3.22857188981417,3.75832809603353,-0.0439583634179554
"152","New York","cancer_uc_ma","Cancer","Underlying Cause",2016-12-11,691,19636391,685.201550978408,633.975,737,5.79844902159186,3.51897657772245,3.48944748033591,3.22857188981417,3.75323551053755,0.0295290973865404
"153","New York","cancer_uc_ma","Cancer","Underlying Cause",2016-12-18,698,19636391,685.577397177866,633,739,12.4226028221335,3.55462467619432,3.49136150923999,3.22360661895559,3.76342068152951,0.0632631669543223
"154","New York","cancer_uc_ma","Cancer","Underlying Cause",2016-12-25,702,19636391,685.752282080106,633,738,16.2477179198936,3.57499501817824,3.49225212555661,3.22360661895559,3.75832809603353,0.0827428926216309
"155","New York","cancer_uc_ma","Cancer","Underlying Cause",2017-01-01,698,19593849,684.236574909379,632,737,13.7634250906209,3.56234244736703,3.49209884647666,3.22550204403433,3.7613845038818,0.0702436008903656
"156","New York","cancer_uc_ma","Cancer","Underlying Cause",2017-01-08,692,19593849,684.001124039509,633,736,7.99887596049086,3.5317205925186,3.49089718941648,3.23060568650907,3.75628086140707,0.0408234031021208
"157","New York","cancer_uc_ma","Cancer","Underlying Cause",2017-01-15,695,19593849,683.56252743069,633,735,11.4374725693104,3.54703151994281,3.48865874913443,3.23060568650907,3.75117721893233,0.058372770808382
"158","New York","cancer_uc_ma","Cancer","Underlying Cause",2017-01-22,699,19593849,682.926165774233,631,735,16.0738342257667,3.56744608984177,3.48541098675525,3.22039840155959,3.75117721893233,0.0820351030865183
"159","New York","cancer_uc_ma","Cancer","Underlying Cause",2017-01-29,694,19593849,682.100431885049,630,736,11.8995681149509,3.54192787746808,3.48119673620558,3.21529475908485,3.75628086140707,0.0607311412624995
"160","New York","cancer_uc_ma","Cancer","Underlying Cause",2017-02-05,688,19593849,681.096581131402,630,734,6.90341886859756,3.51130602261965,3.47607344086097,3.21529475908485,3.74607357645759,0.0352325817586813
"161","New York","cancer_uc_ma","Cancer","Underlying Cause",2017-02-12,667,19593849,679.928532833472,629,732,-12.9285328334722,3.40412953065015,3.47011213995511,3.21019111661012,3.73586629150812,-0.0659826093049519
"162","New York","cancer_uc_ma","Cancer","Underlying Cause",2017-02-19,661,19593849,678.612627622118,628,730,-17.6126276221179,3.37350767580173,3.46339623022571,3.20508747413538,3.72565900655864,-0.0898885544239822
"163","New York","cancer_uc_ma","Cancer","Underlying Cause",2017-02-26,646,19593849,677.167346703739,626,729.025,-31.1673467037389,3.29695303868066,3.45602003314274,3.1948801891859,3.72068295514577,-0.159066994462083
"164","New York","cancer_uc_ma","Cancer","Underlying Cause",2017-03-05,655,19593849,675.612999693059,624,728,-20.6129996930592,3.3428858209533,3.44808720171856,3.18467290423643,3.71545172160916,-0.105201380765256
"165","New York","cancer_uc_ma","Cancer","Underlying Cause",2017-03-12,662,19593849,673.971388134682,623,725,-11.9713881346825,3.37861131827646,3.4397090032422,3.17956926176169,3.70014079418495,-0.0610976849657383
"166","New York","cancer_uc_ma","Cancer","Underlying Cause",2017-03-19,670,19593849,672.26545203285,622,723,-2.26545203284957,3.41944045807437,3.4310025152937,3.17446561928695,3.68993350923548,-0.0115620572193323
"167","New York","cancer_uc_ma","Cancer","Underlying Cause",2017-03-26,678,19593849,670.518906656472,620,722,7.48109334352773,3.46026959787227,3.42208877212676,3.16425833433748,3.68482986676074,0.0381808257455068
"168","New York","cancer_uc_ma","Cancer","Underlying Cause",2017-04-02,687,19593849,668.755876606176,619,719,18.2441233938242,3.50620238014491,3.41309089707783,3.15915469186274,3.66951893933652,0.09311148306708
"169","New York","cancer_uc_ma","Cancer","Underlying Cause",2017-04-09,680,19593849,667.000533654067,616.975,718,12.999466345933,3.47047688282175,3.40413225422972,3.14881981585139,3.66441529686179,0.0663446285920291
"170","New York","cancer_uc_ma","Cancer","Underlying Cause",2017-04-16,672,19593849,665.276744235847,616,717,6.72325576415335,3.42964774302384,3.39533464933738,3.14384376443852,3.65931165438705,0.0343130936864592
"171","New York","cancer_uc_ma","Cancer","Underlying Cause",2017-04-23,673,19593849,663.607731733318,614,713,9.39226826668187,3.43475138549858,3.38681660623861,3.13363647948905,3.6388970844881,0.0479347792599701
"172","New York","cancer_uc_ma","Cancer","Underlying Cause",2017-04-30,666,19593849,662.015757880159,611.975,714,3.98424211984116,3.39902588817542,3.37869174086296,3.1233016034777,3.64400072696283,0.0203341473124609
"173","New York","cancer_uc_ma","Cancer","Underlying Cause",2017-05-07,648,19593849,660.521826799735,610,711,-12.5218267997354,3.30716032363014,3.37106725074658,3.1132219095901,3.62868979953862,-0.0639069271164407
"174","New York","cancer_uc_ma","Cancer","Underlying Cause",2017-05-14,640,19593849,659.145414382713,609,710,-19.1454143827127,3.26633118383223,3.3640425338723,3.10811826711536,3.62358615706388,-0.0977113500400698
"175","New York","cancer_uc_ma","Cancer","Underlying Cause",2017-05-21,642,19593849,657.904224969463,606,708,-15.904224969463,3.27653846878171,3.35770794686365,3.09280733969115,3.61337887211441,-0.081169478081938
"176","New York","cancer_uc_ma","Cancer","Underlying Cause",2017-05-28,647,19593849,656.813976646513,607,707,-9.81397664651297,3.3020566811554,3.35214370921463,3.09791098216588,3.60827522963967,-0.050087028059229
"177","New York","cancer_uc_ma","Cancer","Underlying Cause",2017-06-04,646,19593849,655.888215917545,606,708,-9.8882159175447,3.29695303868066,3.34741895743682,3.09280733969115,3.61337887211441,-0.0504659187561602
"178","New York","cancer_uc_ma","Cancer","Underlying Cause",2017-06-11,656,19593849,655.138162079479,606,706,0.861837920520884,3.34798946342804,3.34359095081053,3.09280733969115,3.60317158716493,0.00439851261751014
"179","New York","cancer_uc_ma","Cancer","Underlying Cause",2017-06-18,666,19593849,654.57258132619,605,706.025,11.4274186738098,3.39902588817542,3.34070442885515,3.08770369721641,3.6032991782268,0.0583214593202684
"180","New York","cancer_uc_ma","Cancer","Underlying Cause",2017-06-25,660,19593849,654.197690411588,603,704,5.80230958841207,3.36840403332699,3.33879111965999,3.07749641226693,3.59296430221546,0.0296129136669986
"181","New York","cancer_uc_ma","Cancer","Underlying Cause",2017-07-02,657,19593849,654.017089618442,605,706,2.98291038155844,3.35309310590278,3.33786939778112,3.08770369721641,3.60317158716493,0.0152237081216582
"182","New York","cancer_uc_ma","Cancer","Underlying Cause",2017-07-09,650,19593849,654.031724781535,603,705,-4.03172478153488,3.31736760857961,3.33794409042111,3.07749641226693,3.59806794469019,-0.0205764818414946
"183","New York","cancer_uc_ma","Cancer","Underlying Cause",2017-07-16,651,19593849,654.239878180877,604,705.025,-3.23987818087744,3.32247125105435,3.33900643095125,3.08260005474167,3.59819553575206,-0.0165351798969025
"184","New York","cancer_uc_ma","Cancer","Underlying Cause",2017-07-23,654,19593849,654.637188226865,605,705,-0.637188226864623,3.33778217847856,3.34103415937759,3.08770369721641,3.59806794469019,-0.0032519808990292
"185","New York","cancer_uc_ma","Cancer","Underlying Cause",2017-07-30,664,19593849,655.21669797631,605,707,8.78330202368977,3.38881860322594,3.34399176994939,3.08770369721641,3.60827522963967,0.0448268332765541
"186","New York","cancer_uc_ma","Cancer","Underlying Cause",2017-08-06,658,19593849,655.968932617909,605,707,2.0310673820909,3.35819674837751,3.34783090661722,3.08770369721641,3.60827522963967,0.0103658417602937
"187","New York","cancer_uc_ma","Cancer","Underlying Cause",2017-08-13,664,19593849,656.882006120096,606,707,7.11799387990391,3.38881860322594,3.35249090732554,3.09280733969115,3.60827522963967,0.0363276959004017
"188","New York","cancer_uc_ma","Cancer","Underlying Cause",2017-08-20,659,19593849,657.941757218477,609,709,1.0582427815234,3.36330039085225,3.35789949804388,3.10811826711536,3.61848251458914,0.00540089280836759
"189","New York","cancer_uc_ma","Cancer","Underlying Cause",2017-08-27,656,19593849,659.131914812492,610,710,-3.13191481249157,3.34798946342804,3.36397363689233,3.1132219095901,3.62358615706388,-0.0159841734642927
"190","New York","cancer_uc_ma","Cancer","Underlying Cause",2017-09-03,656,19593849,660.434292625564,611,711,-4.4342926255639,3.34798946342804,3.37062050761728,3.11832555206483,3.62868979953862,-0.0226310441892448
"191","New York","cancer_uc_ma","Cancer","Underlying Cause",2017-09-10,664,19593849,661.829012649645,612,715,2.17098735035506,3.38881860322594,3.37773865997255,3.12342919453957,3.64910436943757,0.0110799432533907
"192","New York","cancer_uc_ma","Cancer","Underlying Cause",2017-09-17,666,19593849,663.294756441122,613,713,2.70524355887756,3.39902588817542,3.38521929224382,3.12853283701431,3.6388970844881,0.0138065959315985
"193","New York","cancer_uc_ma","Cancer","Underlying Cause",2017-09-24,675,19593849,664.809042766028,615,717,10.1909572339721,3.44495867044806,3.39294766825052,3.13874012196379,3.65931165438705,0.052011002197537
"194","New York","cancer_uc_ma","Cancer","Underlying Cause",2017-10-01,677,19593849,666.348529422087,615,717,10.6514705779128,3.45516595539753,3.40080465773768,3.13874012196379,3.65931165438705,0.0543612976598567
"195","New York","cancer_uc_ma","Cancer","Underlying Cause",2017-10-08,685,19593849,667.889336315812,616,719,17.1106636841877,3.49599509519544,3.40866838524586,3.14384376443852,3.66951893933652,0.0873267099495748
"196","New York","cancer_uc_ma","Cancer","Underlying Cause",2017-10-15,682,19593849,669.407386074668,619,721,12.5926139253321,3.48068416777122,3.41641596847392,3.15915469186274,3.679726224286,0.0642681992973004
"197","New York","cancer_uc_ma","Cancer","Underlying Cause",2017-10-22,687,19593849,670.878757664414,620,724,16.1212423355859,3.50620238014491,3.42392532301547,3.16425833433748,3.69503715171021,0.0822770571294382
"198","New York","cancer_uc_ma","Cancer","Underlying Cause",2017-10-29,677,19593849,672.280047702402,621,723,4.71995229759784,3.45516595539753,3.43107700637278,3.16936197681221,3.68993350923548,0.0240889490247569
"199","New York","cancer_uc_ma","Cancer","Underlying Cause",2017-11-05,683,19593849,673.588733454047,622,725,9.41126654595337,3.48578781024596,3.43775607056095,3.17446561928695,3.70014079418495,0.0480317396850071
"200","New York","cancer_uc_ma","Cancer","Underlying Cause",2017-11-12,677,19593849,674.783530917997,624,728,2.21646908200319,3.45516595539753,3.44385388964668,3.18467290423643,3.71545172160916,0.0113120657508547
"201","New York","cancer_uc_ma","Cancer","Underlying Cause",2017-11-19,682,19593849,675.844740988956,626,727,6.15525901104354,3.48068416777122,3.44926992643945,3.1948801891859,3.71034807913443,0.0314142413317748
"202","New York","cancer_uc_ma","Cancer","Underlying Cause",2017-11-26,681,19593849,676.754576473916,626,730,4.24542352608398,3.47558052529648,3.45391340146551,3.1948801891859,3.72565900655864,0.0216671238309736
"203","New York","cancer_uc_ma","Cancer","Underlying Cause",2017-12-03,696,19593849,677.497462757421,628,728,18.5025372425788,3.55213516241755,3.45770482745591,3.20508747413538,3.71545172160916,0.0944303349616443
"204","New York","cancer_uc_ma","Cancer","Underlying Cause",2017-12-10,687,19593849,678.060305183516,627,731,8.93969481648355,3.50620238014491,3.46057737396831,3.19998383166064,3.73076264903338,0.0456250061765994
"205","New York","cancer_uc_ma","Cancer","Underlying Cause",2017-12-17,694,19593849,678.432716752315,628,730,15.5672832476852,3.54192787746808,3.46247802946892,3.20508747413538,3.72565900655864,0.0794498479991612
"206","New York","cancer_uc_ma","Cancer","Underlying Cause",2017-12-24,704,19593849,678.607200509839,626,731,25.392799490161,3.59296430221546,3.46336853218497,3.1948801891859,3.73076264903338,0.129595770030488
"207","New York","cancer_uc_ma","Cancer","Underlying Cause",2017-12-31,694,19593849,678.579282019065,627,729,15.4207179809354,3.54192787746808,3.46322604618962,3.19998383166064,3.7205553640839,0.0787018312784556
"208","New York","cancer_uc_ma","Cancer","Underlying Cause",2018-01-07,691,19544098,676.625187207995,625,727,14.3748127920052,3.53559422389306,3.4620435653157,3.19789636748649,3.71979305466029,0.0735506585773627
"209","New York","cancer_uc_ma","Cancer","Underlying Cause",2018-01-14,689,19544098,676.192572551568,626,727.025,12.807427448432,3.52536095551711,3.45983003437441,3.20301300167447,3.71992097051498,0.0655309211427
"210","New York","cancer_uc_ma","Cancer","Underlying Cause",2018-01-21,685,19544098,675.563281934992,625,728,9.43671806500845,3.50489441876519,3.45661018449146,3.19789636748649,3.72490968884827,0.0482842342737355
"211","New York","cancer_uc_ma","Cancer","Underlying Cause",2018-01-28,673,19544098,674.745146909856,623,726,-1.7451469098562,3.44349480850945,3.45242408685147,3.18766309911053,3.71467642047231,-0.00892927834201508
"212","New York","cancer_uc_ma","Cancer","Underlying Cause",2018-02-04,679,19544098,673.748857117208,623,726,5.25114288279212,3.47419461363732,3.44732643643727,3.18766309911053,3.71467642047231,0.0268681772000536
"213","New York","cancer_uc_ma","Cancer","Underlying Cause",2018-02-11,674,19544098,672.587771124374,622,724,1.41222887562617,3.44861144269743,3.44138558415115,3.18254646492256,3.70444315209635,0.00722585854627914
"214","New York","cancer_uc_ma","Cancer","Underlying Cause",2018-02-18,680,19544098,671.277682855949,620,723,8.72231714405143,3.4793112478253,3.43468234172766,3.1723131965466,3.69932651790837,0.0446289060976435
"215","New York","cancer_uc_ma","Cancer","Underlying Cause",2018-02-25,680,19544098,669.836549368755,618,722,10.1634506312448,3.4793112478253,3.42730858885764,3.16207992817064,3.69420988372039,0.0520026589676577
"216","New York","cancer_uc_ma","Cancer","Underlying Cause",2018-03-04,678,19544098,668.284186467994,619,719,9.71581353200645,3.46907797944935,3.41936571576746,3.16719656235862,3.67885998115646,0.0497122636818872
"217","New York","cancer_uc_ma","Cancer","Underlying Cause",2018-03-11,673,19544098,666.641939157071,615,719,6.35806084292892,3.44349480850945,3.41096293703128,3.14673002560671,3.67885998115646,0.0325318714781768
"218","New York","cancer_uc_ma","Cancer","Underlying Cause",2018-03-18,673,19544098,664.932334150533,615,717,8.06766584946672,3.44349480850945,3.40221551360689,3.14673002560671,3.6686267127805,0.0412792949025671
"219","New York","cancer_uc_ma","Cancer","Underlying Cause",2018-03-25,666,19544098,663.178721666017,613,715,2.8212783339834,3.4076783691936,3.39324292001614,3.13649675723075,3.65839344440455,0.0144354491774622
"220","New York","cancer_uc_ma","Cancer","Underlying Cause",2018-04-01,661,19544098,661.404913467439,611,712,-0.40491346743886,3.38209519825371,3.38416699234438,3.12626348885479,3.64304354184061,-0.00207179409067054
"221","New York","cancer_uc_ma","Cancer","Underlying Cause",2018-04-08,658,19544098,659.634823688631,610,712,-1.6348236886314,3.36674529568978,3.37511009046635,3.12114685466682,3.64304354184061,-0.00836479477656835
"222","New York","cancer_uc_ma","Cancer","Underlying Cause",2018-04-15,663,19544098,657.892118363332,608,708,5.1078816366678,3.39232846662967,3.36619330481935,3.11091358629086,3.6225770050887,0.0261351618103214
"223","New York","cancer_uc_ma","Cancer","Underlying Cause",2018-04-22,652,19544098,656.199878867506,606,707,-4.19987886750584,3.33604549056191,3.35753473436076,3.1006803179149,3.61746037090072,-0.0214892437988484
"224","New York","cancer_uc_ma","Cancer","Underlying Cause",2018-04-29,641,19544098,654.58028368955,603,706,-13.5802836895504,3.27976251449415,3.34924785830254,3.08533041535097,3.61234373671274,-0.0694853438083986
"225","New York","cancer_uc_ma","Cancer","Underlying Cause",2018-05-06,646,19544098,653.054312128005,603,704,-7.05431212800454,3.30534568543404,3.34144002004086,3.08533041535097,3.60211046833678,-0.0360943346068186
"226","New York","cancer_uc_ma","Cancer","Underlying Cause",2018-05-13,644,19544098,651.641472716737,603,702,-7.64147271673687,3.29511241705808,3.33421103760704,3.08533041535097,3.59187719996083,-0.03909862054896
"227","New York","cancer_uc_ma","Cancer","Underlying Cause",2018-05-20,642,19544098,650.359558430543,600,702,-8.35955843054296,3.28487914868212,3.32765195114424,3.06998051278703,3.59187719996083,-0.0427728024621191
"228","New York","cancer_uc_ma","Cancer","Underlying Cause",2018-05-27,647,19544098,649.224430059048,599,700.025,-2.22443005904802,3.31046231962202,3.32184391451091,3.06486387859905,3.58177184743957,-0.0113815948888919
"229","New York","cancer_uc_ma","Cancer","Underlying Cause",2018-06-03,660,19544098,648.249828574985,598,699,11.7501714250145,3.37697856406573,3.3168572352379,3.05974724441107,3.57652729739689,0.060121328827836
"230","New York","cancer_uc_ma","Cancer","Underlying Cause",2018-06-10,654,19544098,647.447216877378,597,699,6.55278312262249,3.34627875893786,3.31275056478625,3.0546306102231,3.57652729739689,0.033528194151618
"231","New York","cancer_uc_ma","Cancer","Underlying Cause",2018-06-17,662,19544098,646.825650965295,598,697,15.174349034705,3.38721183244169,3.3095702393904,3.05974724441107,3.56629402902094,0.0776415930512882
"232","New York","cancer_uc_ma","Cancer","Underlying Cause",2018-06-24,663,19544098,646.39168039034,597,697,16.6083196096604,3.39232846662967,3.30734977071001,3.0546306102231,3.56629402902094,0.0849786959196602
"233","New York","cancer_uc_ma","Cancer","Underlying Cause",2018-07-01,658,19544098,646.149277735054,597,697,11.8507222649459,3.36674529568978,3.30610948499672,3.0546306102231,3.56629402902094,0.0606358106930591
"234","New York","cancer_uc_ma","Cancer","Underlying Cause",2018-07-08,654,19544098,646.099796853518,597,697,7.90020314648211,3.34627875893786,3.3058563094266,3.0546306102231,3.56629402902094,0.0404224495112648
"235","New York","cancer_uc_ma","Cancer","Underlying Cause",2018-07-15,649,19544098,646.24195966769,596,696,2.75804033230952,3.32069558799797,3.30658370454185,3.04951397603512,3.56117739483296,0.0141118834561182
"236","New York","cancer_uc_ma","Cancer","Underlying Cause",2018-07-22,650,19544098,646.571871413244,596,697,3.42812858675643,3.32581222218595,3.30827174225817,3.04951397603512,3.56629402902094,0.017540479927784
"237","New York","cancer_uc_ma","Cancer","Underlying Cause",2018-07-29,648,19544098,647.083064344614,597,697,0.916935655385828,3.31557895380999,3.31088732948747,3.0546306102231,3.56629402902094,0.0046916243225235
"238","New York","cancer_uc_ma","Cancer","Underlying Cause",2018-08-05,646,19544098,647.766570012119,598,698,-1.76657001211947,3.30534568543404,3.31438457795351,3.05974724441107,3.57141066320891,-0.00903889251946789
"239","New York","cancer_uc_ma","Cancer","Underlying Cause",2018-08-12,642,19544098,648.611020287241,599,699,-6.61102028724054,3.28487914868212,3.31870532110124,3.06486387859905,3.57652729739689,-0.0338261724191136
"240","New York","cancer_uc_ma","Cancer","Underlying Cause",2018-08-19,636,19544098,649.60277730978,600,699,-13.6027773097802,3.25417934355425,3.32377977898893,3.06998051278703,3.57652729739689,-0.0696004354346781
"241","New York","cancer_uc_ma","Cancer","Underlying Cause",2018-08-26,626,19544098,650.726092441178,600,702,-24.726092441178,3.20301300167447,3.32952737159412,3.06998051278703,3.59187719996083,-0.126514369919645
"242","New York","cancer_uc_ma","Cancer","Underlying Cause",2018-09-02,623,19544098,651.963294114397,602,702,-28.9632941143968,3.18766309911053,3.33585767997273,3.08021378116299,3.59187719996083,-0.148194580862196
"243","New York","cancer_uc_ma","Cancer","Underlying Cause",2018-09-09,629,19544098,653.295004161909,603,704,-24.2950041619091,3.2183629042384,3.34267155313031,3.08533041535097,3.60211046833678,-0.124308648891901
"244","New York","cancer_uc_ma","Cancer","Underlying Cause",2018-09-16,645,19544098,654.700381775336,604,705,-9.70038177533638,3.30022905124606,3.34986235627419,3.09044704953895,3.60722710252476,-0.0496333050281286
"245","New York","cancer_uc_ma","Cancer","Underlying Cause",2018-09-23,664,19544098,656.157393707349,606,707,7.84260629265066,3.39744510081765,3.35731735333782,3.1006803179149,3.61746037090072,0.0401277474798308
"246","New York","cancer_uc_ma","Cancer","Underlying Cause",2018-09-30,682,19544098,657.643108680736,607,708,24.3568913192645,3.48954451620126,3.36491921336424,3.10579695210288,3.6225770050887,0.124625302837023
"247","New York","cancer_uc_ma","Cancer","Underlying Cause",2018-10-07,691,19544098,659.134013241942,609,710,31.8659867580581,3.53559422389306,3.37254762661312,3.11603022047884,3.63281027346465,0.163046597279946
"248","New York","cancer_uc_ma","Cancer","Underlying Cause",2018-10-14,694,19544098,660.606345515161,611,712,33.3936544848393,3.550944126457,3.38008101225833,3.12626348885479,3.64304354184061,0.170863114198667
"249","New York","cancer_uc_ma","Cancer","Underlying Cause",2018-10-21,686,19544098,662.036442514124,611,714,23.9635574858761,3.51001105295317,3.38739829545535,3.12626348885479,3.65327681021657,0.122612757497819
"250","New York","cancer_uc_ma","Cancer","Underlying Cause",2018-10-28,663,19544098,663.401095892783,613,715,-0.401095892783474,3.39232846662967,3.39438072758734,3.13649675723075,3.65839344440455,-0.00205226095767363
"251","New York","cancer_uc_ma","Cancer","Underlying Cause",2018-11-04,660,19544098,664.677910307748,614,716,-4.67791030774788,3.37697856406573,3.40091371987465,3.14161339141873,3.66351007859252,-0.0239351558089193
"252","New York","cancer_uc_ma","Cancer","Underlying Cause",2018-11-11,645,19544098,665.845657969739,616,717,-20.8456579697395,3.30022905124606,3.40688865748493,3.15184665979469,3.6686267127805,-0.106659606238873
"253","New York","cancer_uc_ma","Cancer","Underlying Cause",2018-11-18,641,19544098,666.884622522266,615,719,-25.8846225222657,3.27976251449415,3.41220465903449,3.14673002560671,3.67885998115646,-0.13244214454034
"254","New York","cancer_uc_ma","Cancer","Underlying Cause",2018-11-25,646,19544098,667.776925141323,617,719,-21.7769251413234,3.30534568543404,3.41677024512118,3.15696329398266,3.67885998115646,-0.111424559687142
"255","New York","cancer_uc_ma","Cancer","Underlying Cause",2018-12-02,665,19544098,668.506825731718,618,720,-3.5068257317181,3.40256173500563,3.42050487943582,3.16207992817064,3.68397661534444,-0.0179431444301911
"256","New York","cancer_uc_ma","Cancer","Underlying Cause",2018-12-09,663,19544098,669.060992323521,618,720,-6.06099232352108,3.39232846662967,3.42334034716527,3.16207992817064,3.68397661534444,-0.0310118805356025
"257","New York","cancer_uc_ma","Cancer","Underlying Cause",2018-12-16,667,19544098,669.42873225514,619,719,-2.42873225513995,3.41279500338158,3.42522193787168,3.16719656235862,3.67885998115646,-0.0124269344900949
"258","New York","cancer_uc_ma","Cancer","Underlying Cause",2018-12-23,668,19544098,669.602179461313,619,719,-1.60217946131263,3.41791163756956,3.42610940377659,3.16719656235862,3.67885998115646,-0.008197766207029
"259","New York","cancer_uc_ma","Cancer","Underlying Cause",2018-12-30,666,19544098,669.576433146291,618,721,-3.57643314629092,3.4076783691936,3.42597766930094,3.16207992817064,3.68909324953242,-0.0182993001073312
"260","New York","cancer_uc_ma","Cancer","Underlying Cause",2019-01-06,664,19463131,666.576672479009,616,719,-2.57667247900883,3.41157853790328,3.42481727363911,3.16495840263316,3.69416410956695,-0.0132387357358322
"261","New York","cancer_uc_ma","Cancer","Underlying Cause",2019-01-13,649,19463131,666.151843169253,616,717,-17.1518431692533,3.33450974563137,3.42263453485081,3.16495840263316,3.68388827059737,-0.0881247892194391
"262","New York","cancer_uc_ma","Cancer","Underlying Cause",2019-01-20,653,19463131,665.532311528046,616,717,-12.5323115280456,3.35506142357054,3.41945143116,3.16495840263316,3.68388827059737,-0.0643900075894553
"263","New York","cancer_uc_ma","Cancer","Underlying Cause",2019-01-27,655,19463131,664.725325621485,613,717,-9.7253256214849,3.36533726254013,3.41530520254673,3.14954464417878,3.68388827059737,-0.0499679400065945
"264","New York","cancer_uc_ma","Cancer","Underlying Cause",2019-02-03,646,19463131,663.74097396382,612,716,-17.74097396382,3.31909598717699,3.41024768298492,3.14440672469399,3.67875035111257,-0.0911516958079356
"265","New York","cancer_uc_ma","Cancer","Underlying Cause",2019-02-10,640,19463131,662.592006468794,612,714,-22.5920064687936,3.28826847026822,3.40434438050483,3.14440672469399,3.66847451214298,-0.116075910236609
"266","New York","cancer_uc_ma","Cancer","Underlying Cause",2019-02-17,652,19463131,661.293610849938,611,713,-9.29361084993786,3.34992350408575,3.39767332835574,3.13926880520919,3.66333659265819,-0.0477498242699896
"267","New York","cancer_uc_ma","Cancer","Underlying Cause",2019-02-24,645,19463131,659.863149998423,609,711,-14.863149998423,3.31395806769219,3.39032373567451,3.1289929662396,3.6530607536886,-0.0763656679823146
"268","New York","cancer_uc_ma","Cancer","Underlying Cause",2019-03-03,637,19463131,658.319866641423,607,711,-21.3198666414228,3.27285471181384,3.38239447004402,3.11871712727002,3.6530607536886,-0.109539758230178
"269","New York","cancer_uc_ma","Cancer","Underlying Cause",2019-03-10,640,19463131,656.68456211219,606.975,708,-16.68456211219,3.28826847026822,3.3739924070397,3.1185886792829,3.63764699523422,-0.0857239367714781
"270","New York","cancer_uc_ma","Cancer","Underlying Cause",2019-03-17,642,19463131,654.979256336836,606,706,-12.9792563368363,3.29854430923781,3.36523068326898,3.11357920778522,3.62737115626463,-0.0666863740311686
"271","New York","cancer_uc_ma","Cancer","Underlying Cause",2019-03-24,637,19463131,653.226836167511,603,705,-16.2268361675108,3.27285471181384,3.35622688953545,3.09816544933084,3.62223323677984,-0.0833721777216152
"272","New York","cancer_uc_ma","Cancer","Underlying Cause",2019-03-31,635,19463131,651.450698985632,602,701,-16.4506989856317,3.26257887284425,3.34710123970101,3.09302752984605,3.60168155884066,-0.0845223668567595
"273","New York","cancer_uc_ma","Cancer","Underlying Cause",2019-04-07,641,19463131,649.674398090984,599,700,-8.67439809098391,3.29340638975302,3.33797474872354,3.07761377139166,3.59654363935587,-0.044568358970527
"274","New York","cancer_uc_ma","Cancer","Underlying Cause",2019-04-14,649,19463131,647.921295819767,598,699.025,1.07870418023276,3.33450974563137,3.32896745040542,3.07247585190687,3.59153416785819,0.00554229522594675
"275","New York","cancer_uc_ma","Cancer","Underlying Cause",2019-04-21,646,19463131,646.214229640262,596,696,-0.214229640261578,3.31909598717699,3.32019668181991,3.06220001293728,3.57599196141669,-0.00110069464292039
"276","New York","cancer_uc_ma","Cancer","Underlying Cause",2019-04-28,646,19463131,644.57519570318,595.975,695,1.42480429682018,3.31909598717699,3.31177545741834,3.06207156495016,3.5708540419319,0.00732052975865078
"277","New York","cancer_uc_ma","Cancer","Underlying Cause",2019-05-05,655,19463131,643.0250535203,595,693,11.9749464797002,3.36533726254013,3.30381095169271,3.05706209345249,3.56057820296231,0.061526310847418
"278","New York","cancer_uc_ma","Cancer","Underlying Cause",2019-05-12,651,19463131,641.583254651041,593,693,9.41674534895947,3.34478558460096,3.29640310518919,3.0467862544829,3.56057820296231,0.048382479411763
"279","New York","cancer_uc_ma","Cancer","Underlying Cause",2019-05-19,641,19463131,640.267597529352,591,690,0.732402470648367,3.29340638975302,3.28964336482836,3.03651041551331,3.54516444450793,0.00376302492465558
"280","New York","cancer_uc_ma","Cancer","Underlying Cause",2019-05-26,646,19463131,639.094009892466,590,689,6.90599010753363,3.31909598717699,3.28361356604169,3.03137249602852,3.54002652502313,0.0354824211352923
"281","New York","cancer_uc_ma","Cancer","Underlying Cause",2019-06-02,650,19463131,638.076359701321,589,688,11.9236402986787,3.33964766511616,3.2783849612959,3.02623457654372,3.53488860553834,0.0612627038202575
"282","New York","cancer_uc_ma","Cancer","Underlying Cause",2019-06-09,645,19463131,637.2262949836,588,688,7.7737050163995,3.31395806769219,3.27401739721939,3.02109665705893,3.53488860553834,0.0399406704728006
"283","New York","cancer_uc_ma","Cancer","Underlying Cause",2019-06-16,647,19463131,636.553112690481,587,688,10.4468873095185,3.32423390666178,3.27055864079876,3.01595873757413,3.53488860553834,0.0536752658630233
"284","New York","cancer_uc_ma","Cancer","Underlying Cause",2019-06-23,642,19463131,636.063656434773,587,686,5.93634356522693,3.29854430923781,3.2680438539656,3.01595873757413,3.52461276656875,0.0305004552722115
"285","New York","cancer_uc_ma","Cancer","Underlying Cause",2019-06-30,644,19463131,635.762242862092,586,685,8.23775713790792,3.3088201482074,3.26649521529754,3.01082081808934,3.51947484708396,0.0423249329098587
"286","New York","cancer_uc_ma","Cancer","Underlying Cause",2019-07-07,634,19463131,635.650616382423,586,686,-1.65061638242321,3.25744095335946,3.26592168743263,3.01082081808934,3.52461276656875,-0.00848073407317255
"287","New York","cancer_uc_ma","Cancer","Underlying Cause",2019-07-14,635,19463131,635.727932036028,587,685,-0.727932036028278,3.26257887284425,3.26631892903577,3.01595873757413,3.51947484708396,-0.00374005619151553
"288","New York","cancer_uc_ma","Cancer","Underlying Cause",2019-07-21,642,19463131,635.990766361153,586,687,6.00923363884738,3.29854430923781,3.2676693506361,3.01082081808934,3.52975068605354,0.0308749586017141
"289","New York","cancer_uc_ma","Cancer","Underlying Cause",2019-07-28,651,19463131,636.433156244307,588,687.025,14.5668437556933,3.34478558460096,3.26994231423663,3.02109665705893,3.52987913404066,0.0748432703643278
"290","New York","cancer_uc_ma","Cancer","Underlying Cause",2019-08-04,642,19463131,637.046665839491,588,688,4.95333416050869,3.29854430923781,3.27309447713984,3.02109665705893,3.53488860553834,0.0254498320979738
"291","New York","cancer_uc_ma","Cancer","Underlying Cause",2019-08-11,638,19463131,637.820481713391,588,689,0.179518286608641,3.27799263129863,3.27707028079599,3.02109665705893,3.54002652502313,0.000922350502643386
"292","New York","cancer_uc_ma","Cancer","Underlying Cause",2019-08-18,640,19463131,638.741536383802,590,690,1.25846361619767,3.28826847026822,3.28180258553366,3.03137249602852,3.54516444450793,0.00646588473456646
"293","New York","cancer_uc_ma","Cancer","Underlying Cause",2019-08-25,631,19463131,639.794660346325,592,693,-8.79466034632514,3.24202719490507,3.2872134516606,3.04164833499811,3.56057820296231,-0.04518625675553
"294","New York","cancer_uc_ma","Cancer","Underlying Cause",2019-09-01,629,19463131,640.962762512146,591,691,-11.9627625121459,3.23175135593549,3.29321506653861,3.03651041551331,3.55030236399272,-0.0614637106031188
"295","New York","cancer_uc_ma","Cancer","Underlying Cause",2019-09-08,635,19463131,642.227038695632,593,692,-7.22703869563168,3.26257887284425,3.2997108157759,3.0467862544829,3.55544028347751,-0.0371319429316469
"296","New York","cancer_uc_ma","Cancer","Underlying Cause",2019-09-15,644,19463131,643.567207389638,594,694,0.432792610362299,3.3088201482074,3.30659649462174,3.05192417396769,3.5657161224471,0.00222365358565535
"297","New York","cancer_uc_ma","Cancer","Underlying Cause",2019-09-22,639,19463131,644.961771551392,595,695,-5.96177155139242,3.28313055078343,3.31376165300122,3.05706209345249,3.5708540419319,-0.0306311022177902
"298","New York","cancer_uc_ma","Cancer","Underlying Cause",2019-09-29,646,19463131,646.388304503414,596,697,-0.388304503414361,3.31909598717699,3.32109106445111,3.06220001293728,3.58112988090148,-0.00199507727412594
"299","New York","cancer_uc_ma","Cancer","Underlying Cause",2019-10-06,646,19463131,647.823757351164,597,699,-1.82375735116364,3.31909598717699,3.32846630560707,3.06733793242208,3.59140571987107,-0.00937031843008011
"300","New York","cancer_uc_ma","Cancer","Underlying Cause",2019-10-13,645,19463131,649.244784558693,599,699,-4.24478455869348,3.31395806769219,3.33576742898506,3.07761377139166,3.59140571987107,-0.0218093612928643
"301","New York","cancer_uc_ma","Cancer","Underlying Cause",2019-10-20,657,19463131,650.628083539699,601,701,6.37191646030078,3.37561310150972,3.34287470777286,3.08788961036125,3.60168155884066,0.0327383937368596
"302","New York","cancer_uc_ma","Cancer","Underlying Cause",2019-10-27,662,19463131,651.950743353261,602,703,10.0492566467393,3.40130269893369,3.34967042740071,3.09302752984605,3.61195739781025,0.0516322715329785
"303","New York","cancer_uc_ma","Cancer","Underlying Cause",2019-11-03,654,19463131,653.190596884687,602,705,0.80940311531333,3.36019934305534,3.35604069501812,3.09302752984605,3.62223323677984,0.0041586480372214
"304","New York","cancer_uc_ma","Cancer","Underlying Cause",2019-11-10,651,19463131,654.326570286705,604,705,-3.32657028670485,3.34478558460096,3.36187723489455,3.10330336881563,3.62223323677984,-0.0170916502935979
"305","New York","cancer_uc_ma","Cancer","Underlying Cause",2019-11-17,659,19463131,655.339022997981,606,706,3.66097700201931,3.38588894047931,3.36707913540725,3.11357920778522,3.62737115626463,0.0188098050720581
"306","New York","cancer_uc_ma","Cancer","Underlying Cause",2019-11-24,653,19463131,656.210071383481,606,708,-3.21007138348091,3.35506142357054,3.37155451187931,3.11357920778522,3.63764699523422,-0.0164930883087665
"307","New York","cancer_uc_ma","Cancer","Underlying Cause",2019-12-01,645,19463131,656.923888986432,606,708,-11.9238889864324,3.31395806769219,3.3752220492501,3.11357920778522,3.63764699523422,-0.0612639815579128
"308","New York","cancer_uc_ma","Cancer","Underlying Cause",2019-12-08,650,19463131,657.466976566267,608,708,-7.46697656626725,3.33964766511616,3.37801238950849,3.12385504675481,3.63764699523422,-0.0383647243923254
"309","New York","cancer_uc_ma","Cancer","Underlying Cause",2019-12-15,657,19463131,657.828395531622,607,710,-0.828395531621709,3.37561310150972,3.37986933105276,3.11871712727002,3.64792283420381,-0.00425622954303554
"310","New York","cancer_uc_ma","Cancer","Underlying Cause",2019-12-22,644,19463131,657.999959058499,608,709,-13.9999590584987,3.3088201482074,3.38075081064038,3.12385504675481,3.64278491471901,-0.07193066243298
"311","New York","cancer_uc_ma","Cancer","Underlying Cause",2019-12-29,638,19463131,657.976376094657,607,710,-19.9763760946574,3.27799263129863,3.38062964327095,3.11871712727002,3.64792283420381,-0.102637011972315
"312","New York","cancer_uc_ma","Cancer","Underlying Cause",2020-01-05,650,19336776,653.485184916399,602,705,-3.48518491639891,3.36147039196193,3.3794940010496,3.11323873224782,3.64590250205101,-0.0180236090876727
"313","New York","cancer_uc_ma","Cancer","Underlying Cause",2020-01-12,658,19336776,653.070143747948,603,705,4.92985625205154,3.40284233524761,3.37734761858931,3.11841022515853,3.64590250205101,0.0254947166583071
"314","New York","cancer_uc_ma","Cancer","Underlying Cause",2020-01-19,656,19336776,652.463375241714,602,705,3.53662475828583,3.39249934942619,3.37420971956087,3.11323873224782,3.64590250205101,0.0182896298653189
"315","New York","cancer_uc_ma","Cancer","Underlying Cause",2020-01-26,661,19336776,651.671523963449,601,703,9.3284760365508,3.41835681397975,3.37011466628899,3.10806723933711,3.63555951622959,0.0482421476907567
"316","New York","cancer_uc_ma","Cancer","Underlying Cause",2020-02-02,666,19336776,650.704042257436,600,701,15.2959577425639,3.4442142785333,3.3651113415051,3.10289574642639,3.62521653040817,0.0791029370281992
"317","New York","cancer_uc_ma","Cancer","Underlying Cause",2020-02-09,666,19336776,649.573021986508,600,701,16.4269780134924,3.4442142785333,3.35926227819212,3.10289574642639,3.62521653040817,0.084952000341176
"318","New York","cancer_uc_ma","Cancer","Underlying Cause",2020-02-16,652,19336776,648.292981831427,598,700,3.7070181685732,3.37181337778335,3.3526425596047,3.09255276060497,3.62004503749746,0.0191708181786519
"319","New York","cancer_uc_ma","Cancer","Underlying Cause",2020-02-23,651,19336776,646.880615430694,596.975,699,4.11938456930602,3.36664188487264,3.34533851677598,3.0872519803715,3.61487354458675,0.021303368096657
"320","New York","cancer_uc_ma","Cancer","Underlying Cause",2020-03-01,653,19336776,645.354506437999,595,696,7.64549356200143,3.37698487069406,3.33744625493929,3.07703828187284,3.59935906585462,0.0395386157547744
"321","New York","cancer_uc_ma","Cancer","Underlying Cause",2020-03-08,653,19336776,643.734817131614,594,694,9.26518286838552,3.37698487069406,3.32907004317377,3.07186678896213,3.5890160800332,0.0479148275202936
"322","New York","cancer_uc_ma","Cancer","Underlying Cause",2020-03-15,658,19336776,642.042957518142,592,694,15.9570424818583,3.40284233524761,3.32032060317677,3.06152380314071,3.5890160800332,0.0825217320708388
"323","New York","cancer_uc_ma","Cancer","Underlying Cause",2020-03-22,672,19336776,640.301241935109,591,691,31.6987580648906,3.47524323599756,3.31131333338665,3.05635231023,3.57350160130106,0.163929902610914
"324","New York","cancer_uc_ma","Cancer","Underlying Cause",2020-03-29,657,19336776,638.532539989057,589,690,18.4674600109435,3.3976708423369,3.30216650381148,3.04600932440858,3.56833010839035,0.0955043385254267
"325","New York","cancer_uc_ma","Cancer","Underlying Cause",2020-04-05,644,19336776,636.759928294703,588,687,7.2400717052966,3.33044143449766,3.29299945500069,3.04083783149787,3.55281562965822,0.0374419794969782
"326","New York","cancer_uc_ma","Cancer","Underlying Cause",2020-04-12,627,19336776,635.006348941995,585,685,-8.00634894199516,3.24252605501558,3.28393083180979,3.02532335276574,3.5424726438368,-0.0414047767942037
"327","New York","cancer_uc_ma","Cancer","Underlying Cause",2020-04-19,596,19336776,633.294279952332,583,685,-37.2942799523323,3.08220977478355,3.2750768791671,3.01498036694431,3.5424726438368,-0.192867104383545
"328","New York","cancer_uc_ma","Cancer","Underlying Cause",2020-04-26,576,19336776,631.645422237307,583,682,-55.6454222373065,2.97877991656934,3.26654982318307,3.01498036694431,3.52695816510467,-0.287769906613732
"329","New York","cancer_uc_ma","Cancer","Underlying Cause",2020-05-03,580,19336776,630.080406786716,582,681,-50.0804067867165,2.99946588821218,3.25845635687519,3.0098088740336,3.52178667219396,-0.25899046866301
"330","New York","cancer_uc_ma","Cancer","Underlying Cause",2020-05-10,578,19336776,628.618525029425,580,680,-50.618525029425,2.98912290239076,3.25089624573106,2.99946588821218,3.51661517928325,-0.261773343340301
"331","New York","cancer_uc_ma","Cancer","Underlying Cause",2020-05-17,578,19336776,627.277484567457,579,678,-49.277484567457,2.98912290239076,3.24396106448902,2.99429439530147,3.50627219346183,-0.254838162098258
"332","New York","cancer_uc_ma","Cancer","Underlying Cause",2020-05-24,585,19336776,626.073191811495,576,677,-41.0731918114951,3.02532335276574,3.23773307303914,2.97877991656934,3.50110070055112,-0.212409720273406
"333","New York","cancer_uc_ma","Cancer","Underlying Cause",2020-05-31,589,19336776,625.019562467704,575,677,-36.0195624677044,3.04600932440858,3.23228423635721,2.97360842365863,3.50110070055112,-0.186274911948633
"334","New York","cancer_uc_ma","Cancer","Underlying Cause",2020-06-07,592,19336776,624.128360356749,575,675,-32.1283603567492,3.06152380314071,3.2276753909584,2.97360842365863,3.49075771472969,-0.166151587817686
"335","New York","cancer_uc_ma","Cancer","Underlying Cause",2020-06-14,599,19336776,623.409064692961,574,674,-24.4090646929611,3.09772425351568,3.22395555853241,2.96843693074792,3.48558622181898,-0.126231305016726
"336","New York","cancer_uc_ma","Cancer","Underlying Cause",2020-06-21,604,19336776,622.868765713931,573,672.025,-18.8687657139315,3.12358171806924,3.22116140619269,2.96326543783721,3.47537252332033,-0.0975796881234569
"337","New York","cancer_uc_ma","Cancer","Underlying Cause",2020-06-28,605,19336776,622.512088420337,572,673,-17.5120884203367,3.12875321097995,3.21931685209746,2.9580939449265,3.48041472890827,-0.0905636411175094
"338","New York","cancer_uc_ma","Cancer","Underlying Cause",2020-07-05,612,19336776,622.341144147995,572,673,-10.3411441479947,3.16495366135492,3.21843281500491,2.9580939449265,3.48041472890827,-0.0534791536499914
"339","New York","cancer_uc_ma","Cancer","Underlying Cause",2020-07-12,619,19336776,622.355509729872,572,672,-3.3555097298721,3.2011541117299,3.21850710650975,2.9580939449265,3.47524323599756,-0.0173529947798542
"340","New York","cancer_uc_ma","Cancer","Underlying Cause",2020-07-19,618,19336776,622.552234091217,574,673,-4.5522340912172,3.19598261881919,3.21952446514981,2.96843693074792,3.48041472890827,-0.0235418463306251
"341","New York","cancer_uc_ma","Cancer","Underlying Cause",2020-07-26,618,19336776,622.925872230695,573.975,673,-4.92587223069484,3.19598261881919,3.22145673213929,2.96830764342515,3.48041472890827,-0.0254741133201048
"342","New York","cancer_uc_ma","Cancer","Underlying Cause",2020-08-02,634,19336776,623.468546646919,574,673,10.5314533530806,3.27872650539056,3.22426316903562,2.96843693074792,3.48041472890827,0.0544633363549361
"343","New York","cancer_uc_ma","Cancer","Underlying Cause",2020-08-09,634,19336776,624.170036346587,575,676,9.82996365341319,3.27872650539056,3.22789091804439,2.97360842365863,3.49592920764041,0.0508355873461697
"344","New York","cancer_uc_ma","Cancer","Underlying Cause",2020-08-16,631,19336776,625.017893591994,575,675,5.98210640800596,3.26321202665843,3.23227560577831,2.97360842365863,3.49075771472969,0.0309364208801196
"345","New York","cancer_uc_ma","Cancer","Underlying Cause",2020-08-23,635,19336776,625.997588490173,576,677,9.0024115098272,3.28389799830127,3.2373420909989,2.97877991656934,3.50110070055112,0.0465559073023714
"346","New York","cancer_uc_ma","Cancer","Underlying Cause",2020-08-30,644,19336776,627.09268137473,577,678,16.9073186252704,3.33044143449766,3.24300535608795,2.98395140948005,3.50627219346183,0.087436078409712
"347","New York","cancer_uc_ma","Cancer","Underlying Cause",2020-09-06,641,19336776,628.285022672807,579,679,12.714977327193,3.31492695576553,3.24917154065811,2.99429439530147,3.51144368637254,0.0657554151074252
"348","New York","cancer_uc_ma","Cancer","Underlying Cause",2020-09-13,636,19336776,629.554979576764,579,680,6.4450204232362,3.28906949121198,3.25573911378383,2.99429439530147,3.51661517928325,0.0333303774281514
"349","New York","cancer_uc_ma","Cancer","Underlying Cause",2020-09-20,650,19336776,630.881688355011,581,681,19.118311644989,3.36147039196193,3.26260017882511,3.00463738112289,3.52178667219396,0.0988702131368178
"350","New York","cancer_uc_ma","Cancer","Underlying Cause",2020-09-27,653,19336776,632.243330547891,581,683,20.756669452109,3.37698487069406,3.26964190177251,3.00463738112289,3.53212965801538,0.107342968921546
"351","New York","cancer_uc_ma","Cancer","Underlying Cause",2020-10-04,644,19336776,633.617430619878,583.975,686,10.3825693801222,3.33044143449766,3.2767480505534,3.02002257253226,3.54764413674751,0.0536933839442633
"352","New York","cancer_uc_ma","Cancer","Underlying Cause",2020-10-11,642,19336776,634.981171903803,585,687,7.01882809619667,3.32009844867624,3.28380062893526,3.02532335276574,3.55281562965822,0.0362978197409779
"353","New York","cancer_uc_ma","Cancer","Underlying Cause",2020-10-18,655,19336776,636.311726908421,586,688,18.688273091579,3.38732785651548,3.29068158470896,3.03049484567645,3.55798712256893,0.0966462718065258
"354","New York","cancer_uc_ma","Cancer","Underlying Cause",2020-10-25,645,19336776,637.586597305145,586,689,7.41340269485465,3.33561292740837,3.29727456792769,3.03049484567645,3.56315861547964,0.0383383594806841
"355","New York","cancer_uc_ma","Cancer","Underlying Cause",2020-11-01,639,19336776,638.783958205263,588,691,0.21604179473718,3.30458396994411,3.30346671133421,3.04083783149787,3.57350160130106,0.00111725860990053
"356","New York","cancer_uc_ma","Cancer","Underlying Cause",2020-11-08,638,19336776,639.883000728685,589.975,692,-1.88300072868526,3.2994124770334,3.30915040195266,3.05105152999652,3.57867309421178,-0.00973792491925883
"357","New York","cancer_uc_ma","Cancer","Underlying Cause",2020-11-15,627,19336776,640.864266392133,590,693,-13.8642663921331,3.24252605501558,3.3142250103747,3.05118081731929,3.58384458712249,-0.0716989553591205
"358","New York","cancer_uc_ma","Cancer","Underlying Cause",2020-11-22,622,19336776,641.70996654734,591,694,-19.7099665473399,3.21666859046203,3.31859854273194,3.05635231023,3.5890160800332,-0.101929952269913
"359","New York","cancer_uc_ma","Cancer","Underlying Cause",2020-11-29,622,19336776,642.404280010841,592,695,-20.4042800108408,3.21666859046203,3.32218917988625,3.06152380314071,3.59418757294391,-0.105520589424218
"360","New York","cancer_uc_ma","Cancer","Underlying Cause",2020-12-06,628,19336776,642.933622169422,591,694.025,-14.9336221694223,3.24769754792629,3.32492666910669,3.05635231023,3.58914536735596,-0.0772291211803988
